,Player,Rk,Tm,Fit,Lwr,Upr,Notes
1,Paul Millsap,306,ATL,4.43,2.31,6.56,
2,Kyle Korver,252,ATL,1.05,-0.22,2.32,
3,Kent Bazemore,41,ATL,0.87,-0.87,2.61,
4,Tiago Splitter,408,ATL,0.82,-0.9,2.54,
5,Dwight Howard,208,ATL,0.73,-0.4,1.86,
6,Thabo Sefolosha,391,ATL,0.7,-0.76,2.15,
7,Mike Muscala,321,ATL,0.46,-1.22,2.13,
8,Dennis Schroder,388,ATL,0.36,-1.32,2.04,
9,Mike Scott,390,ATL,0.27,-1.47,2.01,
10,DeAndre Bembry,NA,ATL,0.19,-1.16,3.84,
11,Tim Hardaway Jr,176,ATL,0.04,-1.64,1.71,
12,Walter Tavares,416,ATL,0.03,-1.31,1.37,
13,Kris Humphries,211,ATL,0.01,-1.1,1.13,
14,Ryan Kelly,248,FA,-0.05,-1.73,1.63,Stash
15,Jarrett Jack,219,FA,-0.06,-1.38,1.27,
16,Taurean Prince,NA,ATL,-0.27,-1.41,0.61,
17,Al Horford,207,BOS,3.89,0.18,7.6,
18,Jae Crowder,101,BOS,3.43,1.03,5.84,
19,Isaiah Thomas,421,BOS,2.55,-0.75,5.84,
20,Marcus Smart,399,BOS,1.6,-0.07,3.26,
21,Jared Sullinger,415,BOS,1.59,-0.15,3.33,
22,Amir Johnson,228,BOS,1.37,0.03,2.71,
23,Kelly Olynyk,339,BOS,1.35,-0.32,3.03,
24,Avery Bradley,59,BOS,0.7,-1.02,2.42,
25,Jonas Jerebko,227,BOS,0.29,-1.43,2.01,
26,James Young,471,BOS,0.25,-1.41,1.91,
27,Jordan Mickey,299,BOS,0.13,-1.21,1.48,
28,R.J. Hunter,212,BOS,0.08,-1.26,1.42,
29,Tyler Zeller,476,BOS,0.07,-1.67,1.81,
30,Demetrius Jackson,NA,BOS,-0.03,-0.98,0.89,
31,Gerald Green,168,BOS,-0.09,-1.74,1.55,
32,Terry Rozier,381,BOS,-0.1,-1.44,1.24,
33,Ben Bentil,NA,FA,-0.11,-0.87,0.49,
34,Jaylen Brown,NA,BOS,-0.13,-2.24,2.76,
35,Brook Lopez,270,BRK,1.6,0.04,3.17,
36,Trevor Booker,57,BRK,1.02,-0.7,2.73,
37,Rondae Hollis-Jefferson,204,BRK,0.72,-0.62,2.06,
38,Jeremy Lin,267,BRK,0.61,-1.11,2.32,
39,Chris McCullough,289,BRK,0.37,-0.98,1.71,
40,Joe Harris,183,BRK,0.05,-1.61,1.71,
41,Chase Budinger,67,FA,0.03,-1.56,1.62,
42,Jorge Gutierrez,172,FA,0.01,-1.67,1.68,
43,Anthony Bennett,45,BRK,-0.01,-1.69,1.67,
44,Randy Foye,142,BRK,-0.06,-1.52,1.41,
45,Isaiah Whitehead,NA,BRK,-0.07,-1.01,1.16,
46,Greivis Vasquez,437,BRK,-0.08,-1.8,1.64,
47,Sean Kilpatrick,250,BRK,-0.1,-1.76,1.56,
48,Caris LeVert,NA,BRK,-0.15,-1.81,1.79,
49,Bojan Bogdanovic,53,BRK,-0.29,-1.96,1.37,
50,Luis Scola,389,BRK,-0.31,-1.97,1.35,
51,Jimmy Butler,72,CHI,4.07,1.02,7.12,
52,Nikola Mirotic,307,CHI,1.57,-0.09,3.23,
53,Robin Lopez,271,CHI,1.48,-0.08,3.05,
54,Dwyane Wade,443,CHI,1.06,-0.2,2.32,
55,Taj Gibson,154,CHI,0.97,-0.62,2.56,
56,Rajon Rondo,378,CHI,0.91,-0.55,2.38,
57,Denzel Valentine,NA,CHI,0.45,-0.78,3.65,
58,Cristiano Felicio,139,CHI,0.29,-1.05,1.63,
59,Bobby Portis,359,CHI,0.13,-1.22,1.47,
60,Spencer Dinwiddie,118,FA,0.11,-1.55,1.77,
61,Isaiah Canaan,77,CHI,0,-1.67,1.68,
62,Jerian Grant,164,CHI,-0.02,-1.36,1.32,
63,Paul Zipser,NA,CHI,-0.09,-1.59,1.41,
64,Tony Snell,406,MIL,-0.12,-1.8,1.55,
65,Doug McDermott,291,CHI,-0.22,-1.88,1.43,
66,Kemba Walker,445,CHO,4.1,0.99,7.21,
67,Nicolas Batum,38,CHO,2.59,-0.55,5.73,
68,Cody Zeller,475,CHO,1.28,-0.39,2.96,
69,Marvin Williams,462,CHO,1.23,-0.13,2.58,
70,Frank Kaminsky,244,CHO,0.78,-0.56,2.12,
71,Jeremy Lamb,254,CHO,0.62,-1.12,2.36,
72,Michael Kidd-Gilchrist,249,CHO,0.5,-1.24,2.25,
73,Spencer Hawes,187,CHO,0.44,-1.2,2.08,
74,Roy Hibbert,193,CHO,0.4,-1.16,1.95,
75,Christian Wood,466,CHO,0.15,-1.19,1.5,
76,Aaron Harrison,185,CHO,0.1,-1.24,1.44,
77,Ramon Sessions,393,CHO,-0.19,-1.83,1.45,
78,Marco Belinelli,44,CHO,-0.25,-1.9,1.39,
79,Brian Roberts,374,CHO,-0.31,-2.05,1.44,
80,LeBron James,221,CLE,6.84,3.71,8.47,
81,Kyrie Irving,218,CLE,3.57,0.24,6.89,
82,Kevin Love,272,CLE,2.58,-0.52,5.68,
83,Tristan Thompson,426,CLE,1.3,-0.59,3.19,
84,J.R. Smith,402,CLE,1.13,0.01,2.26,
85,Iman Shumpert,394,CLE,0.73,-1.16,2.62,
86,Channing Frye,145,CLE,0.46,-0.99,1.92,
87,Mike Dunleavy Jr,125,CLE,0.26,-0.82,1.34,
88,Chris Andersen,13,CLE,0.18,-0.9,1.26,
89,Richard Jefferson,224,CLE,0.12,-1.07,1.31,
90,Markel Brown,65,FA,0.08,-1.58,1.74,
91,Dahntay Jones,237,CLE,-0.03,-1.15,1.09,
92,Jordan McRae,295,CLE,-0.03,-1.38,1.31,
93,Cory Jefferson,223,FA,-0.04,-1.7,1.62,
94,James Jones,238,CLE,-0.09,-1.35,1.16,
95,Kay Felder,NA,CLE,-0.4,-1.9,1.41,
96,Wesley Matthews,282,DAL,1.73,0.14,3.32,
97,Andrew Bogut,54,DAL,1.56,0.22,2.91,
98,Harrison Barnes,34,DAL,1.15,-0.59,2.9,
99,Dirk Nowitzki,332,DAL,1,-1.2,3.21,
100,Deron Williams,458,DAL,0.75,-0.58,2.07,
101,Dwight Powell,361,DAL,0.52,-1.14,2.18,
102,Devin Harris,181,DAL,0.51,-0.61,1.63,
103,Quincy Acy,1,DAL,0.48,-1.26,2.22,
104,Justin Anderson,16,DAL,0.34,-1,1.68,
105,Seth Curry,104,DAL,0.21,-1.46,1.89,
106,A.J. Hammons,NA,DAL,0.18,-0.65,2.15,
107,Salah Mejri,298,DAL,0.11,-1.23,1.46,
108,J.J. Barea,32,DAL,-0.15,-1.61,1.3,
109,Nikola Jokic,236,DEN,3.13,0.67,5.6,
110,Danilo Gallinari,146,DEN,1.39,-0.2,2.98,
111,Kenneth Faried,136,DEN,1.27,-0.62,3.16,
112,Gary Harris,182,DEN,1.22,-0.44,2.88,
113,Will Barton,36,DEN,0.89,-0.85,2.63,
114,Jusuf Nurkic,333,DEN,0.57,-1.09,2.23,
115,Darrell Arthur,25,DEN,0.33,-1.26,1.92,
116,Jarnell Stokes,412,DEN,0.22,-1.44,1.89,
117,Axel Toupane,429,FA,0.06,-1.28,1.4,
118,Emmanuel Mudiay,318,DEN,-0.05,-1.4,1.3,
119,Juan Hernangomez,NA,DEN,-0.12,-1.62,1.38,
120,Jameer Nelson,325,DEN,-0.13,-1.25,0.99,
121,Jamal Murray,NA,DEN,-0.15,-1.37,2.32,
122,Mike Miller,303,DEN,-0.2,-1.69,1.29,
123,Malik Beasley,NA,DEN,-0.26,-1.42,0.2,
124,JaKarr Sampson,387,FA,-0.45,-2.11,1.21,
125,Reggie Jackson,220,DET,2.57,-0.59,5.73,
126,Kentavious Caldwell-Pope,76,DET,1.73,0.05,3.41,
127,Andre Drummond,121,DET,1.54,-0.2,3.29,
128,Marcus Morris,313,DET,1.35,-0.54,3.23,
129,Tobias Harris,184,DET,0.94,-0.95,2.84,
130,Stanley Johnson,233,DET,0.59,-0.75,1.93,
131,Boban Marjanovic,278,DET,0.51,-0.83,1.86,
132,Aron Baynes,40,DET,0.34,-1.4,2.08,
133,Reggie Bullock,68,DET,0.25,-1.43,1.92,
134,Jon Leuer,265,DET,0.21,-1.67,2.1,
135,Ray McCallum,286,DET,0.09,-1.58,1.77,
136,Lorenzo Brown,64,FA,0.04,-1.63,1.72,
137,Ish Smith,401,DET,0,-1.72,1.72,
138,Darrun Hilliard,199,DET,-0.01,-1.35,1.33,
139,Michael Gbinije,NA,DET,-0.13,-1.13,0.6,
140,Henry Ellenson,NA,DET,-0.26,-2,0.71,
141,Mario Chalmers,84,FA,0.86,-0.69,2.42,
142,Toney Douglas,119,FA,0.31,-1.28,1.9,
143,Sergey Karasev,246,FA,0.27,-1.41,1.95,
144,Josh Smith,404,FA,0.25,-0.88,1.37,
145,Jordan Hamilton,174,FA,0.23,-1.66,2.11,
146,Shane Larkin,256,FA,0.16,-1.52,1.83,
147,Jeff Ayres,28,FA,0.15,-1.57,1.87,
148,O.J. Mayo,283,FA,0.15,-1.41,1.71,
149,Greg Smith,400,FA,0.14,-1.75,2.02,
150,J.J. Hickson,194,FA,0.13,-1.43,1.69,
151,Matt Bonner,55,FA,0.12,-1,1.24,
152,DeJuan Blair,50,FA,0.11,-1.48,1.71,
153,Shayne Whittington,454,FA,0.11,-1.55,1.77,
154,Tyrone Wallace,NA,FA,0.06,-1.12,1.83,
155,Eric Moreland,312,FA,0.05,-1.61,1.71,
156,Russ Smith,405,FA,0.05,-1.61,1.72,
157,Xavier Munford,320,FA,0.05,-1.29,1.39,
158,Erick Green,167,FA,0.04,-1.62,1.7,
159,Bryce Cotton,96,FA,0.03,-1.64,1.69,
160,Chuck Hayes,188,FA,0.03,-1.29,1.36,
161,Gary Neal,324,FA,0.03,-1.69,1.75,
162,Duje Dukan,123,FA,0.02,-1.32,1.36,
163,Jimmer Fredette,144,FA,0.02,-1.87,1.91,
164,Devyn Marble,277,FA,0.01,-1.65,1.67,
165,Jason Thompson,424,FA,0.01,-1.54,1.57,
166,Thanasis Antetokounmpo,20,FA,0.01,-1.34,1.35,
167,Jared Cunningham,103,FA,0,-1.74,1.74,
168,Amar'e Stoudemire,413,FA,-0.01,-1.08,1.07,
169,Keith Appling,23,FA,-0.01,-1.35,1.33,
170,Elijah Millsap,305,FA,-0.04,-1.7,1.62,
171,Andrew Goudelock,162,FA,-0.05,-1.73,1.62,
172,Cameron Bairstow,30,FA,-0.05,-1.71,1.61,
173,Kostas Papanikolaou,342,FA,-0.06,-1.72,1.6,
174,Nate Robinson,376,FA,-0.06,-1.39,1.27,
175,Tony Wroten,470,FA,-0.06,-1.81,1.69,
176,Donald Sloan,398,FA,-0.07,-1.95,1.82,
177,Kirk Hinrich,200,FA,-0.08,-1.34,1.18,
178,Tyler Hansbrough,175,FA,-0.08,-1.67,1.51,
179,Caron Butler,71,FA,-0.09,-1.16,0.99,
180,James Anderson,15,FA,-0.1,-1.99,1.79,
181,Justin Harper,179,FA,-0.1,-1.76,1.56,
182,Marcus Paige,NA,FA,-0.13,-1.18,0.92,
183,Andre Miller,302,FA,-0.14,-1.76,1.49,
184,Carl Landry,255,FA,-0.14,-1.78,1.5,
185,Cleanthony Early,127,FA,-0.14,-1.8,1.52,
186,Alex Stepheson,411,FA,-0.16,-1.5,1.19,
187,Tibor Pleiss,355,FA,-0.17,-1.52,1.17,
188,Drew Gooden,157,FA,-0.18,-1.26,0.9,
189,Ryan Hollins,203,FA,-0.21,-1.67,1.24,
190,Chris Kaman,243,FA,-0.23,-1.48,1.03,
191,Nazr Mohammed,308,FA,-0.23,-2.53,2.07,
192,Mo Williams,463,FA,-0.24,-1.5,1.02,
193,Tayshaun Prince,366,FA,-0.24,-1.32,0.85,
194,Steve Blake,51,FA,-0.3,-1.55,0.96,
195,Chris Copeland,95,FA,-0.31,-2.05,1.44,
196,Sasha Kaun,247,FA,-0.32,-1.66,1.03,
197,Charlie Villanueva,439,FA,-0.34,-1.66,0.99,
198,Kevin Martin,281,FA,-0.34,-1.47,0.78,
199,Kendall Marshall,279,FA,-0.37,-2.11,1.38,
200,Kendrick Perkins,353,FA,-0.37,-1.63,0.89,
201,Norris Cole,90,FA,-0.37,-2.26,1.51,
202,Andrea Bargnani,33,FA,-0.57,-2.03,0.89,
203,Sonny Weems,450,FA,-0.6,-2.34,1.15,
204,Stephen Curry,105,GSW,8.59,5.6,11.58,
205,Kevin Durant,126,GSW,5.7,2.22,9.18,
206,Draymond Green,166,GSW,5.67,3.35,8,
207,Klay Thompson,425,GSW,2.16,-1.02,5.34,
208,David West,451,GSW,1.34,0.07,2.61,
209,Andre Iguodala,214,GSW,1.02,-0.1,2.15,
210,Zaza Pachulia,341,GSW,0.74,-0.53,2.02,
211,James Michael McAdoo,285,GSW,0.26,-1.4,1.92,
212,Kevon Looney,269,GSW,0.22,-1.12,1.56,
213,Shaun Livingston,268,GSW,0.19,-1.14,1.53,
214,Ian Clark,87,GSW,0.11,-1.56,1.79,
215,JaVale McGee,293,GSW,0.09,-1.46,1.65,
216,Anderson Varejao,436,GSW,0.06,-1.06,1.18,
217,Patrick McCaw,NA,GSW,0.04,-0.96,1.82,
218,Phil Pressey,363,FA,0.04,-1.63,1.72,
219,Damian Jones,NA,GSW,0.01,-0.44,0.4,
220,Elliot Williams,460,FA,-0.12,-1.86,1.62,
221,James Harden,177,HOU,6.42,3.63,9.2,
222,Trevor Ariza,24,HOU,1.6,0.47,2.73,
223,Patrick Beverley,46,HOU,1.55,-0.19,3.3,
224,Clint Capela,78,HOU,0.96,-0.71,2.62,
225,Chinanu Onuaku,NA,HOU,0.8,-0.1,3.79,
226,Eric Gordon,160,HOU,0.57,-0.98,2.13,
227,Ryan Anderson,18,HOU,0.35,-1.22,1.92,
228,Nene Hilario,195,HOU,0.23,-0.85,1.3,
229,Montrezl Harrell,180,HOU,0.16,-1.18,1.5,
230,K.J. McDaniels,290,HOU,0.14,-1.52,1.8,
231,Sam Dekker,112,HOU,0.14,-1.2,1.48,
232,Donatas Motiejunas,316,HOU,0.08,-1.66,1.82,
233,Corey Brewer,61,HOU,0.06,-1.58,1.7,
234,Pablo Prigioni,365,HOU,-0.05,-1.83,1.73,
235,Tyler Ennis,132,HOU,-0.06,-1.72,1.6,
236,P.J. Hairston,173,FA,-0.26,-1.92,1.4,
237,Paul George,153,IND,3.84,1.23,6.45,
238,Jeff Teague,417,IND,1.1,-0.49,2.69,
239,Thaddeus Young,474,IND,1.06,-0.58,2.71,
240,Monta Ellis,130,IND,0.83,-0.5,2.16,
241,Lavoy Allen,9,IND,0.52,-1.36,2.41,
242,Myles Turner,433,IND,0.47,-0.87,1.81,
243,Jeremy Evans,133,FA,0.36,-1.36,2.08,
244,C.J. Miles,301,IND,0.29,-1.04,1.62,
245,Al Jefferson,222,IND,0.25,-0.87,1.37,
246,Aaron Brooks,62,IND,-0.02,-1.57,1.54,
247,Rakeem Christmas,86,IND,-0.03,-1.37,1.32,
248,Georges Niang,NA,IND,-0.06,-1.07,1.58,
249,Joseph Young,472,FA,-0.12,-1.46,1.22,
250,Rodney Stuckey,414,IND,-0.14,-1.78,1.5,
251,Glenn Robinson,375,IND,-0.21,-1.47,1.04,
252,Kevin Seraphin,392,IND,-0.35,-2.07,1.37,
253,Chris Paul,348,LAC,5.34,3.49,7.19,
254,DeAndre Jordan,241,LAC,3.55,0.51,6.6,
255,Blake Griffin,171,LAC,2.98,0.4,5.57,
256,J.J. Redick,369,LAC,0.8,-0.66,2.26,
257,Wesley Johnson,235,LAC,0.52,-1.19,2.24,
258,Paul Pierce,354,LAC,0.4,-1.82,2.61,
259,Brandon Bass,37,LAC,0.36,-0.97,1.69,
260,Brice Johnson,NA,LAC,0.31,-0.69,2.36,
261,Raymond Felton,140,LAC,0.18,-1.15,1.5,
262,Austin Rivers,372,LAC,0.08,-1.66,1.82,
263,Luc Mbah a Moute,284,LAC,0.01,-1.55,1.57,
264,Jamal Crawford,100,LAC,-0.1,-1.58,1.39,
265,Diamond Stone,NA,LAC,-0.14,-0.95,0.83,
266,Alan Anderson,14,LAC,-0.16,-1.76,1.44,
267,Marreese Speights,407,LAC,-0.24,-1.79,1.32,
268,Luol Deng,114,LAL,1.29,0.16,2.42,
269,D'Angelo Russell,385,LAL,1.07,-0.28,2.42,
270,Jordan Clarkson,89,LAL,0.8,-0.86,2.46,
271,Lou Williams,461,LAL,0.6,-0.73,1.92,
272,Larry Nance Jr.,322,LAL,0.53,-0.81,1.87,
273,Timofey Mozgov,317,LAL,0.41,-1.31,2.12,
274,Jose Calderon,75,LAL,0.35,-0.98,1.68,
275,Tarik Black,49,LAL,0.13,-1.53,1.79,
276,Thomas Robinson,377,LAL,0.06,-1.68,1.8,
277,Brandon Ingram,NA,LAL,-0.1,-1.15,1.16,
278,Metta World Peace,467,LAL,-0.17,-1.66,1.31,
279,Ivica Zubac,NA,LAL,-0.2,-1.7,1.3,
280,Anthony Brown,63,FA,-0.21,-1.55,1.13,
281,Julius Randle,367,LAL,-0.28,-1.94,1.38,
282,Nick Young,473,LAL,-0.63,-2.26,1.01,
283,Marcelo Huertas,209,LAL,-0.87,-2.23,0.48,
284,Marc Gasol,149,MEM,2.13,0.55,3.7,
285,Chandler Parsons,345,MEM,1.97,0.08,3.86,
286,Mike Conley,93,MEM,1.89,0.25,3.53,
287,Tony Allen,10,MEM,0.7,-0.43,1.82,
288,James Ennis,131,MEM,0.44,-1.22,2.1,
289,Brandan Wright,468,MEM,0.43,-1.12,1.99,
290,Jordan Adams,2,MEM,0.29,-1.37,1.95,
291,Troy Daniels,106,MEM,0.26,-1.42,1.93,
292,Vince Carter,80,MEM,0.19,-2.05,2.42,
293,JaMychal Green,169,MEM,0.17,-1.49,1.83,
294,Jarell Martin,280,MEM,0.13,-1.21,1.47,
295,Zach Randolph,368,MEM,0.11,-1.09,1.32,
296,Deyonta Davis,NA,MEM,0.07,-0.56,1.03,
297,Wade Baldwin,NA,MEM,-0.23,-1.39,0.83,
298,Hassan Whiteside,453,MIA,2.93,0.48,5.37,
299,Justise Winslow,464,MIA,1.56,0.22,2.91,
300,Goran Dragic,120,MIA,1.2,-0.36,2.76,
301,Josh Richardson,371,MIA,0.93,-0.41,2.28,
302,James Johnson,230,MIA,0.68,-0.91,2.27,
303,Tyler Johnson,234,MIA,0.59,-1.07,2.25,
304,Josh McRoberts,296,MIA,0.54,-1.12,2.2,
305,Dion Waiters,444,MIA,0.17,-1.57,1.91,
306,Briante Weber,449,FA,0.12,-1.22,1.46,
307,Willie Reed,370,MIA,0.06,-1.28,1.4,
308,Luke Babbitt,29,MIA,0.04,-1.68,1.75,
309,Derrick Williams,459,MIA,-0.02,-1.91,1.87,
310,Beno Udrih,434,FA,-0.13,-1.25,1,
311,Wayne Ellington,129,MIA,-0.3,-1.89,1.29,
312,Udonis Haslem,186,MIA,-0.39,-1.65,0.87,
313,Giannis Antetokounmpo,19,MIL,3.56,1.11,6.01,
314,Greg Monroe,309,MIL,2.05,0.33,3.77,
315,John Henson,191,MIL,1.13,-0.61,2.87,
316,Michael Carter-Williams,81,CHI,0.77,-0.9,2.45,
317,Mirza Teletovic,418,MIL,0.41,-1.34,2.15,
318,Jabari Parker,343,MIL,0.35,-1.31,2.01,
319,Thon Maker,NA,MIL,0.33,-1.17,1.83,
320,Matthew Dellavedova,113,MIL,0.21,-1.46,1.89,
321,Miles Plumlee,357,MIL,0.11,-1.63,1.86,
322,Jason Terry,420,MIL,0.09,-1.52,1.7,
323,J.J. O'Brien,334,FA,0.07,-1.28,1.41,
324,Orlando Johnson,232,FA,-0.07,-1.74,1.61,
325,Michael Beasley,43,MIL,-0.22,-1.78,1.34,
326,Steve Novak,331,MIL,-0.22,-1.68,1.23,
327,Malcolm Brogdon,NA,MIL,-0.23,-2.14,0.84,
328,Rashad Vaughn,438,MIL,-0.29,-1.63,1.06,
329,Karl-Anthony Towns,430,MIN,4.79,2.36,7.22,
330,Gorgui Dieng,117,MIN,2.2,0.52,3.88,
331,Ricky Rubio,382,MIN,1.66,-1.65,4.98,
332,Cole Aldrich,6,MIN,1.06,-0.66,2.78,
333,Nemanja Bjelica,48,MIN,0.63,-0.72,1.97,
334,Andrew Wiggins,455,MIN,0.45,-1.21,2.11,
335,Zach LaVine,258,MIN,0.43,-1.24,2.09,
336,Jordan Hill,197,MIN,0.28,-1.31,1.87,
337,Tyus Jones,240,MIN,0.14,-1.2,1.48,
338,Rasual Butler,73,FA,0.04,-1.21,1.29,
339,Kris Dunn,NA,MIN,-0.08,-1.66,1.89,
340,Brandon Rush,384,MIN,-0.19,-1.75,1.37,
341,Shabazz Muhammad,319,MIN,-0.22,-1.89,1.46,
342,Adreian Payne,349,MIN,-0.35,-2.01,1.31,
343,Anthony Davis,107,NOP,4.1,1.54,6.65,
344,Jrue Holiday,201,NOP,1.31,-0.28,2.9,
345,Tyreke Evans,134,NOP,1.09,-0.51,2.68,
346,Langston Galloway,147,NOP,0.9,-0.75,2.56,
347,Solomon Hill,198,NOP,0.73,-0.95,2.41,
348,Terrence Jones,239,NOP,0.47,-1.28,2.22,
349,Dante Cunningham,102,NOP,0.36,-1.23,1.95,
350,Alonzo Gee,152,FA,0.23,-1.36,1.82,
351,Lance Stephenson,410,NOP,0.17,-1.55,1.89,
352,Cheick Diallo,NA,NOP,0.14,-0.89,1.97,
353,E'Twaun Moore,311,NOP,0.11,-1.77,2,
354,Tim Frazier,143,NOP,0.08,-1.58,1.74,
355,Alexis Ajinca,5,NOP,0.06,-1.66,1.78,
356,Robert Sacre,386,FA,-0.03,-1.77,1.71,
357,Buddy Hield,NA,NOP,-0.06,-1.5,2.55,
358,Omer Asik,26,NOP,-0.13,-1.85,1.59,
359,Carmelo Anthony,21,NYK,2.16,0.82,3.5,
360,Joakim Noah,328,NYK,1.85,0.19,3.52,
361,Kristaps Porzingis,360,NYK,1.65,0.31,3,
362,Courtney Lee,260,NYK,0.71,-0.84,2.26,
363,Kyle O'Quinn,336,NYK,0.69,-1.05,2.43,
364,Brandon Jennings,226,NYK,0.45,-1.14,2.04,
365,Justin Holiday,202,NYK,0.07,-1.61,1.74,
366,Damien Inglis,217,FA,0.05,-1.29,1.39,
367,Sasha Vujacic,442,NYK,0.04,-1.59,1.68,
368,Derrick Rose,379,NYK,-0.27,-1.86,1.32,
369,Lou Amundson,12,FA,-0.27,-1.73,1.18,
370,Lance Thomas,422,NYK,-0.47,-2.36,1.42,
371,Russell Westbrook,452,OKC,7.4,4.38,10.42,
372,Victor Oladipo,338,OKC,2,0.33,3.68,
373,Steven Adams,3,OKC,1.9,0.22,3.58,
374,Andre Roberson,373,OKC,1.15,-0.52,2.83,
375,Ersan Ilyasova,215,OKC,0.58,-0.98,2.14,
376,Cameron Payne,350,OKC,0.4,-0.94,1.74,
377,Enes Kanter,245,OKC,0.33,-1.56,2.23,
378,Kyle Singler,397,OKC,0.23,-1.51,1.97,
379,Anthony Morrow,315,OKC,0.17,-1.38,1.73,
380,Nick Collison,92,OKC,0.12,-1,1.24,
381,Joffrey Lauvergne,257,OKC,0.09,-1.56,1.75,
382,Mitch McGary,292,FA,0.09,-1.57,1.75,
383,Ronnie Price,364,FA,0.07,-1.26,1.41,
384,Daniel Hamilton,NA,OKC,0.04,-0.5,0.82,
385,Josh Huestis,210,OKC,-0.09,-1.43,1.25,
386,Domantas Sabonis,NA,OKC,-0.28,-1.53,1.07,
387,Aaron Gordon,159,ORL,1.66,0,3.33,
388,Nikola Vucevic,441,ORL,1.63,-0.26,3.52,
389,Serge Ibaka,213,ORL,1.36,-0.23,2.95,
390,Evan Fournier,141,ORL,1.31,-0.44,3.05,
391,Elfrid Payton,351,ORL,1,-0.66,2.66,
392,Bismack Biyombo,47,ORL,0.79,-1.1,2.69,
393,Jeff Green,170,ORL,0.41,-1.14,1.97,
394,Jodie Meeks,297,ORL,0.38,-1.21,1.98,
395,Mario Hezonja,192,ORL,0.36,-0.98,1.7,
396,Cliff Alexander,8,FA,0.22,-1.12,1.56,
397,C.J. Watson,448,ORL,0.16,-1.47,1.8,
398,Branden Dawson,109,FA,0.05,-1.29,1.4,
399,D.J. Augustin,27,ORL,0.05,-1.5,1.61,
400,C.J. Wilcox,456,ORL,0.03,-1.63,1.69,
401,Stephen Zimmerman,NA,ORL,-0.01,-1.49,1.67,
402,Damjan Rudez,383,ORL,-0.22,-1.89,1.44,
403,Nerlens Noel,329,PHI,1.82,0.15,3.48,
404,Robert Covington,98,PHI,0.96,-0.72,2.63,
405,Jerami Grant,163,PHI,0.6,-1.06,2.26,
406,T.J. McConnell,288,PHI,0.5,-0.84,1.85,
407,Richaun Holmes,205,PHI,0.41,-0.93,1.75,
408,Timothe Luwawu,NA,PHI,0.28,-1.22,1.78,
409,Jerryd Bayless,39,PHI,0.18,-1.38,1.74,
410,Jahlil Okafor,337,PHI,-0.03,-1.38,1.31,
411,Elton Brand,60,FA,-0.1,-1.71,1.51,
412,Hollis Thompson,423,PHI,-0.14,-1.81,1.54,
413,Gerald Henderson Jr,190,PHI,-0.15,-1.74,1.44,
414,Nik Stauskas,409,PHI,-0.19,-1.85,1.47,
415,Eric Bledsoe,52,PHO,1.8,0.08,3.52,
416,P.J. Tucker,431,PHO,1.51,-0.39,3.4,
417,Brandon Knight,251,PHO,1.08,-0.81,2.97,
418,Jared Dudley,122,PHO,1.02,-0.62,2.66,
419,Dragan Bender,NA,PHO,0.56,-0.94,2.06,
420,T.J. Warren,447,PHO,0.45,-1.21,2.11,
421,Devin Booker,56,PHO,0.32,-1.03,1.66,
422,Tyson Chandler,85,PHO,0.27,-0.92,1.47,
423,Skal Labissiere,NA,PHO,0.21,-0.65,2.07,
424,Alan Williams,457,PHO,0.16,-1.18,1.51,
425,Alex Len,262,PHO,0.06,-1.61,1.74,
426,John Jenkins,225,PHO,0.05,-1.69,1.79,
427,Archie Goodwin,158,PHO,-0.05,-1.73,1.63,
428,Marquese Chriss,NA,PHO,-0.1,-1.51,1.82,
429,Leandro Barbosa,31,PHO,-0.2,-1.46,1.06,
430,Tyler Ulis,NA,PHO,-0.26,-1.47,0.24,
431,Damian Lillard,266,POR,5,2.63,7.37,
432,Mason Plumlee,356,POR,2.01,0.33,3.69,
433,Ed Davis,108,POR,1.85,0.13,3.57,
434,C.J. McCollum,287,POR,1.2,-0.48,2.87,
435,Al-Farouq Aminu,11,POR,1.04,-0.68,2.76,
436,Maurice Harkless,178,POR,0.94,-0.81,2.68,
437,Allen Crabbe,99,POR,0.75,-0.92,2.43,
438,Meyers Leonard,264,POR,0.49,-1.26,2.23,
439,Evan Turner,432,POR,0.41,-1.31,2.13,
440,Festus Ezeli,135,POR,0.33,-1.35,2,
441,Noah Vonleh,440,POR,-0.01,-1.67,1.66,
442,Luis Montero,310,FA,-0.04,-1.38,1.3,
443,Jake Layman,NA,POR,-0.07,-1.14,1.25,
444,Shabazz Napier,323,POR,-0.09,-1.75,1.57,
445,Pat Connaughton,94,POR,-0.11,-1.45,1.23,
446,DeMarcus Cousins,97,SAC,3.51,1,6.01,
447,Willie Cauley-Stein,83,SAC,1.28,-0.06,2.63,
448,Rudy Gay,151,SAC,1.14,-0.31,2.6,
449,Darren Collison,91,SAC,0.93,-0.66,2.52,
450,Matt Barnes,35,SAC,0.85,-0.41,2.11,
451,Omri Casspi,82,SAC,0.54,-1.05,2.13,
452,Garrett Temple,419,SAC,0.45,-1.27,2.17,
453,Kosta Koufos,253,SAC,0.4,-1.16,1.96,
454,Anthony Tolliver,428,SAC,0.38,-1.17,1.93,
455,Ben McLemore,294,SAC,0.31,-1.36,1.99,
456,Ty Lawson,259,SAC,0.22,-1.38,1.82,
457,Jordan Farmar,137,SAC,0.09,-1.54,1.73,
458,Arron Afflalo,4,SAC,-0.08,-1.72,1.56,
459,Isaiah Cousins,NA,SAC,-0.11,-0.8,0.81,
460,Georgios Papagiannis,NA,SAC,-0.12,-1.62,1.38,
461,Lamar Patterson,346,FA,-0.18,-1.53,1.16,
462,Malachi Richardson,NA,SAC,-0.22,-1.66,0.66,
463,Kawhi Leonard,263,SAS,5.46,2.47,8.46,
464,LaMarcus Aldridge,7,SAS,2.65,0.4,4.91,
465,Danny Green,165,SAS,2.22,0.62,3.81,
466,Pau Gasol,150,SAS,1.59,0.21,2.97,
467,Patrick Mills,304,SAS,1.2,-0.39,2.8,
468,Kyle Anderson,17,SAS,1.14,-0.52,2.8,
469,Manu Ginobili,155,SAS,0.84,-0.25,1.94,
470,David Lee,261,SAS,0.59,-0.73,1.92,
471,Tony Parker,344,SAS,0.43,-0.77,1.63,
472,Jonathon Simmons,395,SAS,0.28,-1.07,1.62,
473,Dewayne Dedmon,110,SAS,0.01,-1.66,1.69,
474,Joel Anthony,22,FA,0.01,-1.64,1.65,
475,Dejounte Murray,NA,SAS,-0.18,-1.81,1.7,
476,Kyle Lowry,273,TOR,5.36,3.23,7.48,
477,DeMar DeRozan,115,TOR,1.61,0.02,3.21,
478,Patrick Patterson,347,TOR,1.61,-0.12,3.33,
479,Jonas Valanciunas,435,TOR,1.2,-0.54,2.95,
480,DeMarre Carroll,79,TOR,0.99,-0.6,2.59,
481,Terrence Ross,380,TOR,0.94,-0.8,2.68,
482,Cory Joseph,242,TOR,0.79,-1.1,2.68,
483,Norman Powell,362,TOR,0.49,-0.85,1.83,
484,Lucas Nogueira,330,TOR,0.36,-1.3,2.02,
485,Jakob Poeltl,NA,TOR,0.23,-1.37,3.93,
486,Bruno Caboclo,74,TOR,0.19,-1.48,1.85,
487,Delon Wright,469,TOR,0.18,-1.16,1.52,
488,Pascal Siakam,NA,TOR,-0.2,-1.6,1.56,
489,Gordon Hayward,189,UTA,3.95,1.48,6.42,
490,Derrick Favors,138,UTA,3.15,0.62,5.67,
491,Rudy Gobert,156,UTA,2.99,1.3,4.69,
492,George Hill,196,UTA,1.85,0.3,3.41,
493,Rodney Hood,206,UTA,1.55,-0.11,3.21,
494,Boris Diaw,116,UTA,0.79,-0.46,2.05,
495,Joe Ingles,216,UTA,0.73,-0.93,2.39,
496,Jeff Withey,465,UTA,0.56,-1.12,2.23,
497,Raul Neto,326,UTA,0.33,-1.01,1.67,
498,Alec Burks,70,UTA,0.3,-1.59,2.19,
499,Trey Lyles,274,UTA,0.28,-1.06,1.62,
500,Chris Johnson,229,FA,0.27,-1.45,1.99,
501,Joe Johnson,231,UTA,0.2,-0.99,1.39,
502,Shelvin Mack,275,UTA,0.2,-1.69,2.09,
503,Henry Sims,396,UTA,0.16,-1.58,1.9,
504,Joel Bolomboy,NA,UTA,-0.18,-1.77,0.82,
505,John Wall,446,WAS,4.25,1.8,6.7,
506,Otto Porter,358,WAS,1.68,0,3.36,
507,Marcin Gortat,161,WAS,1.47,-0.17,3.11,
508,Bradley Beal,42,WAS,0.99,-0.75,2.74,
509,Ian Mahinmi,276,WAS,0.78,-0.78,2.33,
510,Markieff Morris,314,WAS,0.53,-1.36,2.42,
511,Trey Burke,69,WAS,0.3,-1.38,1.97,
512,Marcus Thornton,427,WAS,0.02,-1.57,1.61,
513,Jarell Eddie,128,FA,-0.03,-1.37,1.31,
514,Kelly Oubre,340,WAS,-0.22,-1.57,1.12,
515,Jason Smith,403,WAS,-0.25,-1.81,1.3,
516,Andrew Nicholson,327,WAS,-0.4,-2.15,1.34,
517,Johnny O'Bryant,335,FA,-0.47,-2.13,1.19,
518,Ben Simmons,NA,PHI,0.53,-1.5,4.73,Injury
519,Joel Embiid,NA,PHI,0.93,-0.94,4.32,
520,Dario Saric,NA,PHI,0.08,-1.42,1.58,
521,Sergio Rodriguez,NA,PHI,-0.2,-1.2,0.8,
